City_ID,City,Lat,Lng,Max Temp,Humidity,Cloudiness,Wind Speed,Country,Date
0,invercargill,-46.4,168.35,47.01,78,9,1.99,NZ,1699519335
1,waitara,-38.925,174.25,55.49,74,90,15.48,NZ,1699519335
2,yemetsk,63.4721,41.7941,32.31,88,100,5.59,RU,1699519336
3,maun,-19.9833,23.4167,94.71,23,0,9.26,BW,1699519336
4,trail,49.0998,-117.7022,44.98,92,86,1.12,CA,1699519336
5,waitangi,-43.9535,-176.5597,49.33,71,100,25.88,NZ,1699519336
6,opuwo,-18.0607,13.84,90.52,13,0,1.54,NA,1699519337
7,la mana,-0.9333,-79.2167,73.53,93,100,0.49,EC,1699519337
8,la'ie,21.6477,-157.9253,78.76,75,23,5.99,US,1699519337
9,sao vicente,-23.9631,-46.3919,80.28,26,87,4.76,BR,1699519338
10,klyuchi,52.2667,79.1667,43.68,48,9,9.26,RU,1699519338
11,iqaluit,63.7506,-68.5145,29.93,74,75,17.27,CA,1699519339
12,pariaman,-0.619,100.12,82.45,91,100,3.15,ID,1699519339
13,likiep,9.8251,169.3107,82.56,83,100,22.03,MH,1699519340
14,ushuaia,-54.8,-68.3,38.86,97,75,5.01,AR,1699519340
15,puerto ayora,-0.7393,-90.3518,75.54,97,94,5.01,EC,1699519340
16,ribeira grande,38.5167,-28.7,68.77,94,75,15.99,PT,1699519341
17,st. john's,47.5649,-52.7093,44.28,99,100,8.05,CA,1699519197
18,keflavik,64.0049,-22.5624,39.63,75,0,14.97,IS,1699519341
19,jiangzi,28.95,89.6333,40.69,18,52,3.38,CN,1699519342
20,port-aux-francais,-49.35,70.2167,43.07,96,100,41.03,TF,1699519342
21,velyka mykhaylivka,47.0794,29.8514,53.15,57,95,14.9,UA,1699519343
22,blackmans bay,-43.0167,147.3167,64.53,85,11,2.84,AU,1699519343
23,puerto baquerizo moreno,-0.9,-89.6,75.92,84,83,13.6,EC,1699519343
24,victorica,-36.2151,-65.4359,55.0,38,28,9.69,AR,1699519344
25,adamstown,-25.066,-130.1015,72.18,87,100,17.11,PN,1699519344
26,grytviken,-54.2811,-36.5092,36.72,92,100,4.47,GS,1699519344
27,puerto natales,-51.7236,-72.4875,29.79,94,32,4.63,CL,1699519346
28,tiksi,71.6872,128.8694,-6.95,98,89,7.67,RU,1699519346
29,scarborough,54.2797,-0.4044,42.91,90,89,10.0,GB,1699519261
30,dyatlovo,53.4631,25.4068,45.01,80,80,8.19,BY,1699519347
31,port erin,54.0849,-4.751,48.07,66,40,17.27,IM,1699519347
32,whitehorse,60.7161,-135.0538,39.97,70,75,21.85,CA,1699519348
33,samana,19.2056,-69.3369,77.22,90,30,9.42,DO,1699519348
34,arteche,12.2645,125.4048,80.8,85,13,6.8,PH,1699519349
35,avarua,-21.2078,-159.775,73.45,78,40,11.5,CK,1699519349
36,keminmaa,65.8596,24.8228,26.37,93,40,8.05,FI,1699519350
37,holualoa,19.6228,-155.9522,75.04,89,0,6.91,US,1699519350
38,tahe,52.3333,124.7333,14.67,91,100,3.13,CN,1699519350
39,bonthe,7.5264,-12.505,82.65,77,53,3.74,SL,1699519351
40,nemuro,43.3236,145.575,51.76,73,53,21.39,JP,1699519351
41,sterling,39.0062,-77.4286,52.29,85,0,5.99,US,1699519351
42,albany,42.6001,-73.9662,35.51,82,100,4.27,US,1699519215
43,vegreville,53.5001,-112.0518,27.3,80,75,4.61,CA,1699519061
44,udachny,66.4167,112.4,8.46,77,89,5.66,RU,1699519352
45,mugia,43.1041,-9.2179,60.17,72,99,13.78,ES,1699519353
46,lospalos,-8.5186,127.0025,80.4,53,3,4.76,TL,1699519353
47,edinburgh of the seven seas,-37.0676,-12.3116,54.43,85,100,15.64,SH,1699519353
48,kingston,17.997,-76.7936,81.55,83,20,6.91,JM,1699519209
49,menaka,15.9182,2.4022,90.16,8,92,12.44,ML,1699519354
50,alaghsas,17.0187,8.0168,84.09,13,11,9.22,NE,1699519354
51,armacao de buzios,-22.7469,-41.8817,69.96,83,67,20.58,BR,1699519355
52,oschatz,51.3,13.1167,52.75,71,100,13.85,DE,1699519355
53,georgetown,5.4112,100.3354,84.15,86,40,8.05,MY,1699519327
54,qaqortoq,60.7167,-46.0333,31.41,95,100,4.97,GL,1699519355
55,male,4.1748,73.5089,87.75,74,75,10.36,MV,1699519356
56,atasu,48.6814,71.6433,44.58,83,100,21.27,KZ,1699519356
57,stanley,54.868,-1.6985,40.71,96,20,2.3,GB,1699519308
58,tadine,-21.55,167.8833,70.09,66,82,16.33,NC,1699519357
59,hun,29.1268,15.9477,77.58,26,99,3.04,LY,1699519357
60,minas de marcona,-15.2119,-75.1103,57.11,86,72,5.19,PE,1699519357
61,turpan,42.9333,89.1667,59.05,14,30,2.39,CN,1699519358
62,san antonio de pale,-1.4014,5.6325,78.42,79,100,7.54,GQ,1699519358
63,karratha,-20.7377,116.8463,92.48,34,0,26.46,AU,1699519358
64,atafu village,-8.5421,-172.5159,84.04,70,100,10.56,TK,1699519359
65,mejit,10.2753,170.8646,82.42,83,100,21.63,MH,1699519359
66,cooma,-36.2333,149.1333,59.41,74,74,5.26,AU,1699519359
67,almenara,-16.1836,-40.6944,66.85,88,39,0.85,BR,1699519360
68,punta arenas,-53.15,-70.9167,37.51,75,0,9.22,CL,1699519079
69,margate,51.3813,1.3862,48.9,90,100,5.01,GB,1699519360
70,afaahiti,-17.75,-149.2833,73.27,86,54,19.66,PF,1699519361
71,alesund,62.4723,6.1549,46.09,61,75,9.22,NO,1699519361
72,talnakh,69.4865,88.3972,22.21,92,100,17.56,RU,1699519362
73,cockburn town,21.4612,-71.1419,82.31,75,14,23.17,TC,1699519362
74,olonkinbyen,70.9221,-8.7187,29.62,79,57,8.46,SJ,1699519362
75,oliver,49.1831,-119.5524,39.45,75,82,5.75,CA,1699519207
76,port alfred,-33.5906,26.891,70.18,66,0,4.0,ZA,1699519363
77,carutapera,-1.195,-46.02,77.94,87,90,5.99,BR,1699519363
78,iaciara,-14.0958,-46.6317,71.46,50,0,1.63,BR,1699519363
79,guerrero negro,27.9769,-114.0611,63.19,77,1,4.72,MX,1699519364
80,axim,4.8699,-2.2405,82.74,75,81,8.1,GH,1699519364
81,le port,-20.9373,55.2919,84.16,88,94,8.99,RE,1699519364
82,pisco,-13.7,-76.2167,66.25,82,100,3.44,PE,1699519365
83,zyryanovsk,49.7386,84.2719,29.84,87,25,1.21,KZ,1699519365
84,baruun-urt,46.6806,113.2792,5.43,88,82,10.56,MN,1699519365
85,marsa alam,25.0757,34.8918,84.92,57,2,14.2,EG,1699519365
86,erattupetta,9.7,76.7833,83.34,74,69,3.29,IN,1699519366
87,purisima de la concepcion,9.2366,-75.7219,77.5,94,88,1.3,CO,1699519366
88,cole harbour,44.6724,-63.4751,34.97,74,62,18.01,CA,1699519367
89,farafangana,-22.8167,47.8333,82.15,69,84,13.38,MG,1699519367
90,ulladulla,-35.35,150.4667,63.14,93,97,9.91,AU,1699519367
91,san clemente del tuyu,-36.3569,-56.7235,43.99,72,3,7.25,AR,1699519367
92,colonia,50.9333,6.95,51.42,87,100,10.36,DE,1699519319
93,an nuhud,12.7,28.4333,92.79,19,27,10.45,SD,1699519368
94,christchurch,-43.5333,172.6333,51.91,68,100,12.66,NZ,1699519368
95,vorgashor,67.5833,63.95,29.66,96,100,6.78,RU,1699519369
96,kodiak,57.79,-152.4072,33.31,69,100,8.05,US,1699519369
97,acapulco de juarez,16.8634,-99.8901,79.05,87,44,5.26,MX,1699519349
98,lisala,2.15,21.5167,80.65,84,100,3.13,CD,1699519369
99,merizo village,13.2658,144.6691,84.76,86,56,16.53,GU,1699519370
100,thompson,55.7435,-97.8558,26.76,86,100,13.8,CA,1699519370
101,port mathurin,-19.6833,63.4167,77.16,74,58,15.14,MU,1699519370
102,taltal,-25.4,-70.4833,58.24,90,89,5.12,CL,1699519370
103,grand falls-windsor,48.9332,-55.6649,38.5,94,100,5.99,CA,1699519339
104,ilulissat,69.2167,-51.1,28.42,86,100,10.36,GL,1699519371
105,walvis bay,-22.9575,14.5053,61.75,82,2,10.36,NA,1699519371
106,chipinge,-20.1883,32.6236,73.92,59,93,4.21,ZW,1699519371
107,banda aceh,5.5577,95.3222,82.58,76,100,7.54,ID,1699519372
108,vilyuysk,63.7553,121.6247,-5.46,99,25,4.92,RU,1699519372
109,sao felix do xingu,-6.6447,-51.995,71.67,92,95,0.65,BR,1699519372
110,wailua homesteads,22.0669,-159.378,77.79,81,0,16.11,US,1699519372
111,kavieng,-2.5744,150.7967,83.68,80,100,14.0,PG,1699519373
112,palmer,42.1584,-72.3287,37.81,64,100,1.57,US,1699519373
113,waiuku,-37.25,174.75,58.66,77,58,3.94,NZ,1699519373
114,longyearbyen,78.2186,15.6401,26.44,93,100,12.66,SJ,1699519374
115,bethel,41.3712,-73.414,40.19,59,100,5.75,US,1699519374
116,lerwick,60.1545,-1.1494,46.4,76,68,13.13,GB,1699519374
117,yellowknife,62.456,-114.3525,22.41,100,100,4.61,CA,1699519374
118,enewetak,11.3474,162.3373,83.28,79,93,19.82,MH,1699519375
119,port elizabeth,-33.918,25.5701,74.1,58,0,10.36,ZA,1699519375
120,mandalgovi,45.7625,106.2708,12.33,34,0,9.06,MN,1699519375
121,juquitiba,-23.9317,-47.0683,67.62,65,89,4.41,BR,1699519376
122,dem'yanovo,60.3511,47.0842,36.75,95,100,2.62,RU,1699519376
123,salinopolis,-0.6136,-47.3561,79.7,83,82,9.13,BR,1699519376
124,nagqu,31.5,92.0,30.15,37,71,9.44,CN,1699519376
125,houghton,47.1219,-88.569,40.82,92,96,25.32,US,1699519377
126,hamilton,39.1834,-84.5333,71.69,74,100,9.22,US,1699519377
127,chonchi,-42.6128,-73.8092,42.12,98,42,2.3,CL,1699519377
128,tura,25.5198,90.2201,77.79,53,0,4.99,IN,1699519377
129,saint-philippe,-21.3585,55.7679,83.1,74,37,9.84,RE,1699519378
130,narimanov,46.6927,47.8498,60.71,47,100,18.84,RU,1699519378
131,champerico,14.3,-91.9167,78.62,86,7,2.95,GT,1699519378
132,hermanus,-34.4187,19.2345,68.38,55,0,9.26,ZA,1699519379
133,baymak,52.5933,58.3225,40.77,75,94,12.03,RU,1699519379
134,mizan teferi,6.9833,35.5833,78.48,52,81,1.63,ET,1699519379
135,hammerfest,70.6634,23.6821,28.85,74,0,6.91,NO,1699519125
136,shache,38.4167,77.2406,60.15,16,100,5.64,CN,1699519380
137,badger,64.8,-147.5333,30.45,67,40,8.05,US,1699519380
138,conception bay south,47.4999,-52.9981,44.04,98,100,2.93,CA,1699519234
139,haiku-pauwela,20.9219,-156.3051,77.04,71,20,8.05,US,1699519380
140,katsuren-haebaru,26.3369,127.8719,82.42,83,100,13.8,JP,1699519381
141,queenstown,-31.8976,26.8753,70.83,42,8,4.32,ZA,1699519381
142,tyukalinsk,55.8732,72.1967,42.57,50,16,10.47,RU,1699519381
143,isafjordur,66.0755,-23.124,41.04,60,75,16.11,IS,1699519382
144,broome,42.2506,-75.833,43.63,63,40,13.0,US,1699519382
145,ulsteinvik,62.3432,5.8487,46.08,68,100,1.01,NO,1699519382
146,san juan,-31.5375,-68.5364,61.54,26,8,5.77,AR,1699519370
147,kismayo,-0.3582,42.5454,81.72,75,94,1.25,SO,1699519383
148,zhezqazghan,47.7833,67.7667,43.38,87,100,13.42,KZ,1699519383
149,sandnessjoen,66.0217,12.6316,33.91,75,0,2.3,NO,1699519384
150,tual,-5.6667,132.75,81.79,76,24,4.36,ID,1699519384
151,xai-xai,-25.0519,33.6442,77.5,59,35,9.01,MZ,1699519384
152,petropavlovsk-kamchatsky,53.0452,158.6483,27.19,73,20,21.0,RU,1699519385
153,sint michiel liber,12.15,-68.9833,84.02,84,20,13.8,CW,1699519385
154,tolanaro,-25.0319,46.9987,84.27,70,20,13.8,MG,1699519386
155,hawaiian paradise park,19.5933,-154.9731,74.03,91,75,0.0,US,1699519386
156,gamba,-2.65,10.0,79.88,80,100,2.53,GA,1699519386
157,robore,-18.3333,-59.75,81.64,58,100,3.67,BO,1699519387
158,kilindoni,-7.9139,39.6668,81.46,76,98,6.62,TZ,1699519387
159,nova sintra,14.8667,-24.7167,72.63,67,97,8.9,CV,1699519387
160,utrik,11.2278,169.8474,82.35,83,100,20.89,MH,1699519388
161,antalaha,-14.9003,50.2788,82.94,65,37,8.88,MG,1699519388
162,port saint john's,-31.6229,29.5448,70.12,70,81,8.86,ZA,1699519388
163,aasiaat,68.7098,-52.8699,29.73,80,100,14.16,GL,1699519389
164,san patricio,28.017,-97.5169,75.83,92,97,6.98,US,1699519389
165,oyama,36.3,139.8,72.59,45,0,2.13,JP,1699519389
166,palikir - national government center,6.9248,158.1611,81.45,78,100,6.91,FM,1699519216
167,pilsrundale,56.4167,24.0,47.52,87,94,11.12,LV,1699519390
168,lebu,-37.6167,-73.65,48.36,92,15,16.8,CL,1699519391
169,pemba,-12.974,40.5178,86.7,70,75,14.97,MZ,1699519391
170,caleta de carquin,-11.0925,-77.6267,64.47,87,97,7.11,PE,1699519391
171,medina,24.4686,39.6142,84.63,21,0,12.66,SA,1699519327
172,constitucion,-35.3333,-72.4167,52.32,79,95,6.06,CL,1699519392
173,sinabang,2.4803,96.3801,80.38,80,100,5.03,ID,1699519392
174,jharsuguda,21.85,84.0333,89.71,27,72,3.44,IN,1699519393
175,happy valley-goose bay,53.3168,-60.3315,26.91,80,75,10.36,CA,1699519099
176,margaret river,-33.95,115.0667,60.55,51,67,14.99,AU,1699519110
177,hami,42.8,93.45,51.71,19,39,1.19,CN,1699519394
178,melfi,40.9965,15.6514,52.5,57,0,3.27,IT,1699519394
179,bredasdorp,-34.5322,20.0403,72.59,38,0,7.23,ZA,1699519394
180,papatowai,-46.5619,169.4708,41.49,77,7,3.02,NZ,1699519395
181,hithadhoo,-0.6,73.0833,81.09,81,10,11.03,MV,1699519395
182,rondonopolis,-16.4708,-54.6356,76.84,64,3,2.89,BR,1699519395
183,callao,-12.0667,-77.15,67.71,88,100,10.36,PE,1699519396
184,waat,51.1454,6.4958,50.92,92,100,5.75,DE,1699519396
185,ji'an,27.1172,114.9793,68.81,96,100,3.96,CN,1699519397
186,coxim,-18.5067,-54.76,77.77,59,3,3.24,BR,1699519397
187,homeland park,34.4707,-82.6707,62.82,84,0,3.44,US,1699519397
188,remire-montjoly,4.9167,-52.2667,71.64,100,0,0.0,GF,1699519398
189,kailua-kona,19.6406,-155.9956,78.76,89,0,6.91,US,1699519243
190,valozhyn,54.0909,26.5225,44.26,86,99,8.48,BY,1699519399
191,keetmanshoop,-26.5833,18.1333,83.32,16,0,3.44,NA,1699519399
192,bilibino,68.0546,166.4372,-0.29,97,100,4.03,RU,1699519400
193,bontang,0.1333,117.5,82.67,79,100,7.54,ID,1699519400
194,uttarkashi,30.7333,78.45,72.95,34,3,6.4,IN,1699519400
195,acajutla,13.5928,-89.8275,78.6,81,50,4.27,SV,1699519401
196,prince rupert,54.3161,-130.3201,51.49,84,100,46.04,CA,1699519401
197,terra rica,-22.7094,-52.6169,74.84,67,44,3.18,BR,1699519401
198,mahibadhoo,3.7833,72.9667,81.55,76,100,9.17,MV,1699519402
199,panaba,21.2833,-88.2667,68.99,93,55,6.29,MX,1699519402
200,gobabis,-22.45,18.9667,89.51,9,0,13.0,NA,1699519403
201,jambi city,-1.6,103.6167,87.87,59,96,3.98,ID,1699519403
202,laguna,38.421,-121.4238,52.09,77,0,0.0,US,1699519404
203,kagoro,9.6,8.3833,84.99,27,66,2.15,NG,1699519404
204,sur,22.5667,59.5289,83.01,56,0,10.2,OM,1699519404
205,tazovsky,67.4667,78.7,28.85,87,100,18.79,RU,1699519405
206,boguchany,58.3814,97.4531,12.85,74,4,3.0,RU,1699519405
207,richards bay,-28.783,32.0377,67.78,78,100,5.28,ZA,1699519405
208,kayangel,8.0823,134.7173,84.74,74,23,12.08,PW,1699519406
209,shingu,33.7333,135.9833,65.07,88,75,3.31,JP,1699519406
210,mount gambier,-37.8333,140.7667,56.64,85,2,7.36,AU,1699519407
211,gadzhiyevo,69.2551,33.3362,18.75,94,80,8.23,RU,1699519407
212,sheikhpura,25.15,85.85,85.69,32,34,6.71,IN,1699519408
213,ivins,37.1686,-113.6794,47.52,54,0,8.1,US,1699519408
214,coruripe,-10.1256,-36.1756,77.72,75,31,8.95,BR,1699519409
215,ouarzazat,30.9189,-6.8934,50.29,37,0,2.3,MA,1699519409
216,oltinko'l,40.8011,72.1634,59.77,48,100,7.56,UZ,1699519410
217,chichawatni,30.5333,72.7,89.44,20,5,5.41,PK,1699519410
218,zardob,40.2183,47.7083,69.06,36,13,5.75,AZ,1699519410
219,west island,-12.1568,96.8225,84.18,74,62,10.36,CC,1699519411
220,cannonvale,-20.2833,148.7,74.59,69,13,14.52,AU,1699519411
221,cabo san lucas,22.8909,-109.9124,74.52,93,100,5.21,MX,1699519411
222,belem do brejo do cruz,-6.1886,-37.5358,77.25,62,0,15.08,BR,1699519412
223,thiruvarur,10.7667,79.65,85.37,69,85,8.7,IN,1699519412
224,buckeye,33.3703,-112.5838,63.05,25,0,3.04,US,1699519413
225,louis trichardt,-23.0439,29.9032,84.27,31,0,0.96,ZA,1699519413
226,anadyr,64.75,177.4833,21.7,79,100,2.24,RU,1699519413
227,tazacorte,28.629,-17.9293,70.77,76,75,14.97,ES,1699519414
228,domerat,46.3606,2.5343,48.27,96,100,1.99,FR,1699519414
229,las terrenas,19.311,-69.5428,77.29,88,18,10.51,DO,1699519415
230,divaca,45.6847,13.9703,51.75,87,0,2.3,SI,1699519415
231,capri,40.5507,14.2426,62.38,76,0,3.44,IT,1699519402
232,malango,-2.9627,119.9001,74.61,90,70,1.3,ID,1699519416
233,al jawf,29.5,38.75,79.97,24,0,7.36,SA,1699519416
234,kavaratti,10.5669,72.642,83.86,66,100,2.39,IN,1699519417
235,dzhankoy,45.7167,34.4,55.87,59,46,14.41,UA,1699519417
236,samux,40.7647,46.4085,63.61,45,40,9.22,AZ,1699519417
237,codrington,-38.2667,141.9667,55.76,91,0,7.65,AU,1699519418
238,susuman,62.7833,148.1667,-19.79,98,90,0.78,RU,1699519418
239,ust-nera,64.5667,143.2,-22.9,99,76,3.89,RU,1699519418
240,mil'kovo,55.6078,37.7956,46.42,97,100,3.06,RU,1699519419
241,angaur state,6.906,134.13,84.81,73,91,10.54,PW,1699519419
242,coahuayana de hidalgo,18.7,-103.6583,76.55,91,100,3.58,MX,1699519419
243,poronaysk,49.2167,143.1167,36.39,94,100,5.44,RU,1699519420
244,pottsville,40.6857,-76.1955,46.94,74,35,6.42,US,1699519420
245,mujiayingzi,42.1167,118.7833,19.42,60,14,12.48,CN,1699519421
246,lamar,33.6668,-95.5836,66.63,92,75,3.44,US,1699519421
247,gargalianoi,37.0667,21.6333,70.41,62,68,9.86,GR,1699519421
248,broken hill,-31.95,141.4333,85.59,20,0,7.4,AU,1699519422
249,kragero,58.8693,9.4149,38.44,81,100,9.62,NO,1699519422
250,narayanganj,23.6233,90.5011,87.82,36,33,8.21,BD,1699519423
251,revda,56.801,59.9303,37.83,85,100,7.92,RU,1699519423
252,sao joao da barra,-21.6403,-41.0511,69.66,81,4,13.87,BR,1699519423
253,vega de alatorre,20.0333,-96.6333,75.4,88,18,7.07,MX,1699519424
254,mangrol,21.1167,70.1167,87.6,53,0,10.09,IN,1699519424
255,ancud,-41.8697,-73.8203,41.95,91,45,5.5,CL,1699519424
256,baukau,51.5526,7.2042,49.86,90,100,4.0,DE,1699519424
257,geraldton,-28.7667,114.6,72.01,56,75,18.41,AU,1699519425
258,magdagachi,53.45,125.8,15.66,80,100,2.77,RU,1699519425
259,acarau,-2.8856,-40.12,80.01,76,100,17.45,BR,1699519425
260,dudinka,69.4058,86.1778,22.62,90,100,26.8,RU,1699519426
261,ashburton,-37.8626,145.0794,71.37,75,17,3.0,AU,1699519426
262,kapa'a,22.0752,-159.319,79.12,81,0,16.11,US,1699519426
263,royse city,32.9751,-96.3325,69.75,90,100,4.61,US,1699519427
264,siwa oasis,29.2041,25.5195,76.78,52,7,3.78,EG,1699519427
265,praia da vitoria,38.7333,-27.0667,68.25,94,20,13.73,PT,1699519427
266,saldus,56.6636,22.4881,46.6,90,82,8.32,LV,1699519428
267,kerikeri,-35.2268,173.9474,57.9,89,98,1.59,NZ,1699519428
268,waingapu,-9.6567,120.2641,85.98,63,25,7.87,ID,1699519428
269,thinadhoo,0.5333,72.9333,81.5,78,54,9.66,MV,1699519428
270,kuala terengganu,5.3302,103.1408,87.75,70,20,11.5,MY,1699519337
271,paracuru,-3.41,-39.0306,81.1,71,99,16.28,BR,1699519363
272,dunda,-8.1167,34.25,90.01,26,29,5.59,TZ,1699519429
273,porto murtinho,-21.6989,-57.8825,78.84,69,100,3.18,BR,1699519429
274,saudarkrokur,65.7461,-19.6394,31.01,84,5,5.17,IS,1699519430
275,bereket,39.2446,55.5154,67.73,28,79,20.45,TM,1699519430
276,la passe,45.5549,-0.8967,53.98,79,46,14.97,FR,1699519430
277,vikulovo,56.8167,70.6107,37.94,73,57,6.46,RU,1699519430
278,kununurra,-15.7667,128.7333,98.58,44,83,16.11,AU,1699519431
279,lorengau,-2.0226,147.2712,82.18,82,98,9.8,PG,1699519431
280,sablayan,12.8346,120.769,85.32,72,35,4.72,PH,1699519431
281,kishapu,-3.6167,33.8667,84.96,35,40,10.63,TZ,1699519432
282,kone,-21.0595,164.8658,69.19,68,46,7.09,NC,1699519432
283,itamaraca,-7.7478,-34.8256,80.65,67,5,12.33,BR,1699519433
284,bei'an,24.5399,109.533,78.48,80,70,2.24,CN,1699519433
285,umm kaddadah,13.6017,26.6876,92.03,17,45,11.52,SD,1699519433
286,el valle,18.9757,-69.3783,75.18,94,20,5.39,DO,1699519434
287,iskateley,67.6803,53.1512,33.03,100,100,8.99,RU,1699519434
288,rongelap,11.1635,166.8941,82.38,82,96,20.31,MH,1699519434
289,ankazoabo,-22.2833,44.5167,89.94,36,100,9.08,MG,1699519435
290,ansalta,42.6894,46.1178,62.76,25,71,4.05,RU,1699519435
291,canutama,-6.5339,-64.3831,73.27,96,89,2.06,BR,1699519435
292,morehead city,34.7229,-76.726,66.99,92,0,6.91,US,1699519435
293,jamestown,42.097,-79.2353,58.71,72,100,10.36,US,1699519159
294,praia,14.9215,-23.5087,75.74,60,20,17.27,CV,1699519436
295,buka,40.8108,69.1986,59.38,46,64,6.22,UZ,1699519436
296,berezovyy,51.6667,135.7,16.75,95,90,3.15,RU,1699519437
297,fale old settlement,-9.3852,-171.2468,84.13,70,100,10.49,TK,1699519437
298,manta,-0.95,-80.7333,74.98,83,75,16.11,EC,1699519437
299,isola di capo rizzuto,38.96,17.0933,63.18,67,0,8.05,IT,1699519438
300,port lincoln,-34.7333,135.8667,66.61,62,12,9.26,AU,1699519438
301,talara,-4.5772,-81.2719,66.76,84,33,17.52,PE,1699519438
302,tado,5.266,-76.5649,74.71,99,83,1.59,CO,1699519439
303,college,64.8569,-147.8028,30.52,66,75,8.05,US,1699519439
304,oranjemund,-28.55,16.4333,69.35,55,0,15.32,NA,1699519439
305,mulchen,-37.7167,-72.2333,44.28,89,4,6.2,CL,1699519440
306,toamasina,-18.1667,49.3833,86.0,70,40,10.36,MG,1699519440
307,ola,59.5833,151.2833,0.41,81,1,10.51,RU,1699519440
308,port hedland,-20.3167,118.5667,89.65,62,0,14.97,AU,1699519440
309,upata,8.0086,-62.3989,75.2,97,48,2.93,VE,1699519441
310,muriti,-1.9833,32.9167,76.62,60,69,3.33,TZ,1699519441
311,venustiano carranza,19.43,-99.0992,68.14,59,100,0.0,MX,1699519441
312,anastacio,-20.4836,-55.8069,79.81,54,56,3.44,BR,1699519442
313,kuandian,40.7286,124.7847,30.6,77,7,8.77,CN,1699519442
314,bandarbeyla,9.4942,50.8122,83.52,63,8,17.07,SO,1699519443
315,tamanrasset,22.785,5.5228,76.91,10,0,10.36,DZ,1699519443
316,thunder bay,48.4001,-89.3168,33.78,100,100,9.22,CA,1699519444
317,bam,29.106,58.357,73.67,24,0,10.98,IR,1699519444
318,lu-uk,5.9684,121.3122,83.3,75,90,6.78,PH,1699519444
319,kuanda,56.3161,116.0806,3.7,87,77,1.99,RU,1699519445
320,porbandar,21.6422,69.6093,87.49,50,1,9.24,IN,1699519445
321,labrador city,52.9463,-66.9114,15.71,86,100,9.22,CA,1699519446
322,tofol,5.3248,163.0078,83.35,80,100,13.47,FM,1699519446
323,flying fish cove,-10.4217,105.6791,80.28,89,100,9.22,CX,1699519446
324,aral,40.5156,81.2636,59.94,13,100,5.46,CN,1699519447
325,askoy,60.4092,5.226,42.75,81,75,9.22,NO,1699519447
326,saipan,15.1355,145.701,83.1,74,40,16.11,MP,1699519447
327,constantia,44.1833,28.65,52.7,56,1,15.46,RO,1699519448
328,rikaze,29.25,88.8833,50.45,15,0,5.64,CN,1699519448
329,ciudad lazaro cardenas,17.9583,-102.2,77.23,91,52,4.07,MX,1699519448
330,selfoss,63.9331,-20.9971,37.04,64,0,12.41,IS,1699519449
331,phan rang-thap cham,11.5667,108.9833,82.27,80,100,9.78,VN,1699519449
332,saint-joseph,-21.3667,55.6167,82.47,74,37,2.46,RE,1699519450
333,sitia,35.2,26.0986,72.99,63,79,2.73,GR,1699519450
334,zheleznogorsk-ilimskiy,56.5768,104.1217,13.37,75,97,4.0,RU,1699519451
335,dudley park,-34.8801,138.5794,75.11,57,0,8.05,AU,1699519451
336,tralee,52.2704,-9.7026,47.39,84,100,25.86,IE,1699519451
337,roma,43.2128,-75.4557,37.09,88,100,14.97,US,1699519452
338,chul'man,56.8479,124.9104,-16.83,100,90,2.91,RU,1699519452
339,bilovods'k,49.2085,39.5897,51.49,81,100,16.35,UA,1699519452
340,uturoa,-16.7333,-151.4333,79.43,78,88,19.42,PF,1699519453
341,charters towers,-20.1,146.2667,76.39,60,73,20.4,AU,1699519258
342,monrovia,6.3005,-10.7969,78.57,77,99,3.4,LR,1699519288
343,tyukhtet,56.5389,89.3011,19.71,77,0,9.51,RU,1699519454
344,beipiao,41.7919,120.7792,23.11,64,0,6.78,CN,1699519454
345,phek,25.6667,94.5,67.98,37,19,2.64,IN,1699519454
346,new norfolk,-42.7826,147.0587,65.7,95,12,3.13,AU,1699519455
347,fort frances,48.5999,-93.4003,34.02,86,100,9.22,CA,1699519455
348,pemangkat,1.1667,108.9667,83.64,73,87,6.64,ID,1699519455
349,lerma,42.0261,-3.7598,45.16,76,2,9.93,ES,1699519456
350,yulinshi,38.2906,109.7494,36.79,23,9,9.53,CN,1699519456
351,thames,-37.1333,175.5333,52.07,87,19,3.22,NZ,1699519456
352,dauphin,51.1494,-100.0502,30.34,93,100,8.05,CA,1699519457
353,saint-pierre,-21.3393,55.4781,83.57,65,75,8.05,RE,1699519457
354,vila velha,-20.3297,-40.2925,67.95,90,20,3.44,BR,1699519457
355,frontera,26.9333,-101.45,71.13,61,98,2.71,MX,1699519458
356,benguela,-12.5763,13.4055,81.39,66,100,5.55,AO,1699519449
357,kupino,54.3663,77.2981,35.08,73,18,10.78,RU,1699519458
358,ketanggungan,-6.9383,108.891,88.84,57,97,7.54,ID,1699519459
359,laojunmiao,39.8333,97.7333,41.94,26,100,3.83,CN,1699519459
360,vilyuchinsk,52.9306,158.4028,28.67,77,40,11.79,RU,1699519459
361,kristiansund,63.1115,7.732,43.45,56,75,4.61,NO,1699519460
362,dadiya,9.6167,11.4333,89.47,37,93,3.15,NG,1699519460
363,mount isa,-20.7333,139.5,83.97,48,75,10.36,AU,1699519461
364,as sulayyil,20.4607,45.5779,80.85,22,0,7.14,SA,1699519461
365,hadyach,50.3711,33.991,46.99,76,69,14.72,UA,1699519461
366,bikenibeu village,1.3673,173.1241,84.34,77,100,7.63,KI,1699519462
367,bianzhuang,34.8486,118.0447,52.5,63,100,18.9,CN,1699519462
368,kapuskasing,49.4169,-82.4331,26.69,93,100,9.22,CA,1699519350
369,petrovskaya,45.4314,37.955,54.03,87,100,13.78,RU,1699519463
370,stony plain,53.5334,-114.0021,33.53,67,100,0.0,CA,1699519463
371,altamira,-3.2033,-52.2064,72.03,73,5,2.8,BR,1699519463
372,forster,-32.1667,152.5167,65.37,92,70,15.57,AU,1699519464
373,n'dalatando,-9.2978,14.9116,83.53,55,78,2.33,AO,1699519464
374,sidi akkacha,36.4647,1.3026,53.89,41,91,7.23,DZ,1699519464
375,lihue,21.9789,-159.3672,78.39,76,0,16.11,US,1699519465
376,soio,-6.1349,12.3689,81.84,78,95,7.2,AO,1699519465
377,reynosa,26.0833,-98.2833,76.73,88,37,11.5,MX,1699519202
378,gaitania,3.0906,-75.6723,63.28,91,66,4.03,CO,1699519466
379,alice springs,-23.7,133.8833,87.35,23,98,9.22,AU,1699519466
380,mudgee,-32.5943,149.5871,61.63,94,100,8.81,AU,1699519467
381,bila tserkva,49.8094,30.1121,47.57,71,60,13.6,UA,1699519467
382,nizhnesortymskiy,62.4397,71.7603,28.76,84,92,13.85,RU,1699519467
383,moyale,3.5167,39.0584,80.92,49,71,13.04,KE,1699519468
384,kurchatov,51.6601,35.6521,47.41,74,69,15.08,RU,1699519468
385,tuy hoa,13.0833,109.3,81.86,81,59,6.55,VN,1699519468
386,norderney,53.7,7.15,50.02,91,100,17.63,DE,1699519469
387,weno,7.4515,151.8468,78.75,94,100,8.05,FM,1699519469
388,hawera,-39.5917,174.2833,54.23,84,48,8.81,NZ,1699519470
389,telimele,10.9167,-13.3333,77.02,75,100,1.88,GN,1699519470
390,russkaya polyana,49.417,31.9201,49.24,71,86,13.62,UA,1699519471
391,aksaray,38.3726,34.0254,65.37,38,100,6.93,TR,1699519471
392,vrutky,49.1133,18.9171,48.78,100,17,6.31,SK,1699519471
393,arkhangel'sk,64.5401,40.5433,28.13,95,37,4.38,RU,1699519472
394,crucecita,-28.95,-58.9833,68.79,98,71,6.6,AR,1699519472
395,qamdo,31.1667,97.2333,37.51,22,73,3.0,CN,1699519472
396,neyriz,29.1988,54.3278,68.07,19,0,0.83,IR,1699519473
397,villa gesell,-37.2639,-56.973,49.91,76,0,9.06,AR,1699519473
398,crane,31.3974,-102.3501,63.36,59,100,21.41,US,1699519474
399,ta`u,-14.2336,-169.5144,80.49,82,98,8.46,AS,1699519474
400,mendoza,-32.8908,-68.8272,62.13,25,0,3.44,AR,1699519475
401,novyy urgal,51.0736,132.5642,13.96,90,42,0.72,RU,1699519475
402,novaya ladoga,60.1025,32.3019,42.71,87,95,4.0,RU,1699519475
403,vadso,70.0744,29.7487,30.36,74,75,6.91,NO,1699519476
404,bandon,51.7469,-8.7425,44.19,84,93,23.49,IE,1699519476
405,khoyniki,51.8911,29.9552,45.95,77,9,9.66,BY,1699519477
406,papao,-17.75,-149.55,74.88,85,35,22.28,PF,1699519477
407,marsh harbour,26.5412,-77.0636,78.64,74,77,11.18,BS,1699519478
408,tugulym,57.0591,64.6425,30.27,93,100,4.76,RU,1699519478
409,fuglafjordur,62.244,-6.814,43.27,86,100,25.79,FO,1699519479
410,dryden,49.7833,-92.7503,30.49,100,100,5.75,CA,1699519479
411,nouadhibou,20.931,-17.0347,66.18,72,30,20.71,MR,1699519479
412,talcahuano,-36.7167,-73.1167,49.68,93,0,6.91,CL,1699519480
413,wentworth falls,-33.7167,150.3833,56.43,95,93,1.83,AU,1699519480
414,yarmouth,41.7057,-70.2286,42.96,78,100,0.0,US,1699519480
415,itoman,26.1247,127.6694,81.37,86,75,13.8,JP,1699519481
416,mossel bay,-34.1831,22.146,67.93,61,0,7.02,ZA,1699519481
417,parabel',58.6978,81.4825,27.91,90,39,11.01,RU,1699519481
418,saacow,1.6279,42.4407,87.22,59,58,1.97,SO,1699519482
419,berdigestyakh,62.0989,126.6992,-0.49,99,100,3.31,RU,1699519482
420,fort st. john,56.2499,-120.8529,31.89,80,0,6.91,CA,1699519442
421,i-n-salah,27.1935,2.4607,80.92,11,94,7.85,DZ,1699519482
422,el alto,-4.2714,-81.2147,65.01,82,30,16.84,PE,1699519483
423,tucuma,-0.1833,-50.05,78.42,81,79,6.29,BR,1699519483
424,morant bay,17.8815,-76.4093,82.02,85,60,8.34,JM,1699519484
425,ghat,24.9647,10.1728,79.21,13,100,8.61,LY,1699519484
426,behompy,-23.2496,43.8557,86.58,54,100,11.95,MG,1699519484
427,povarovo,56.0667,37.05,42.82,89,100,2.93,RU,1699519484
428,laela,-8.5667,32.05,81.64,34,67,6.96,TZ,1699519485
429,arraial do cabo,-22.9661,-42.0278,69.76,83,0,14.97,BR,1699519192
430,zapala,-38.8992,-70.0544,50.32,49,0,1.77,AR,1699519485
431,vorkuta,67.5,64.0,29.88,96,100,6.71,RU,1699519486
432,ostroleka,53.0862,21.5757,45.93,75,47,11.23,PL,1699519486
433,tsiombe,-25.3,45.4833,88.56,45,99,13.33,MG,1699519486
434,grand baie,-20.0182,57.5802,83.44,65,11,5.01,MU,1699519486
435,smithers,54.7804,-127.1743,39.52,81,100,5.75,CA,1699519428
436,mareeba,-17.0,145.4333,75.43,79,28,6.82,AU,1699519487
437,isiro,2.7739,27.616,83.95,53,100,4.36,CD,1699519487
438,rakops,-21.0167,24.3333,87.46,36,0,12.08,BW,1699519487
439,guadalupe y calvo,26.1,-106.9667,51.51,99,100,3.85,MX,1699519488
440,yelizovo,53.1873,158.3805,28.54,54,20,11.18,RU,1699519488
441,darnah,32.767,22.6367,72.59,61,100,7.23,LY,1699519488
442,sharanga,57.1775,46.5396,45.23,85,100,3.8,RU,1699519489
443,zouerate,22.7187,-12.4521,68.02,42,0,9.13,MR,1699519489
444,dalmau,26.0667,81.0333,90.72,20,1,10.02,IN,1699519489
445,borogontsy,62.6683,131.1683,-19.73,100,91,1.86,RU,1699519490
446,kharp,66.8014,65.8081,27.88,99,100,4.92,RU,1699519490
447,fada,9.5667,8.3,84.54,31,71,2.64,NG,1699519490
448,akobo,7.4344,3.9497,83.21,69,65,3.58,NG,1699519490
449,carnoustie,56.5014,-2.7091,39.88,100,20,2.3,GB,1699519491
450,chibougamau,49.9168,-74.3659,11.82,85,75,6.91,CA,1699519270
451,rajanpur,29.1035,70.325,92.19,20,3,8.81,PK,1699519451
452,orlov,58.5395,48.8917,42.26,88,99,6.24,RU,1699519492
453,panjab,34.388,67.0233,45.01,31,15,16.98,AF,1699519492
454,luderitz,-26.6481,15.1594,79.72,42,0,17.45,NA,1699519492
455,nobeoka,32.5833,131.6667,67.23,80,42,3.11,JP,1699519492
456,presidente olegario,-18.4178,-46.4181,65.19,43,0,3.02,BR,1699519493
457,goseong,34.9763,128.3236,64.44,87,100,0.96,KR,1699519493
458,san luis de la loma,17.2706,-100.8939,78.08,86,45,4.76,MX,1699519493
459,morag,53.9171,19.926,44.85,76,95,12.03,PL,1699519494
460,lethbridge,49.7,-112.8186,28.65,74,0,8.05,CA,1699519494
461,vallenar,-28.5708,-70.7581,62.37,65,99,4.12,CL,1699519494
462,daru,-9.0763,143.2092,77.65,81,44,10.85,PG,1699519494
463,saint-leu,-21.15,55.2833,83.23,88,91,1.9,RE,1699519495
464,bandar-e lengeh,26.5579,54.8807,87.91,48,0,9.22,IR,1699519495
465,kingscliff,-28.2667,153.5667,71.73,60,12,10.36,AU,1699519495
466,meiktila,20.8667,95.8667,84.79,61,91,0.49,MM,1699519496
467,usogorsk,63.4106,48.6872,32.67,96,100,8.19,RU,1699519496
468,yazd,31.8972,54.3675,69.91,28,0,4.61,IR,1699519224
469,dzuunharaa,48.8523,106.4579,8.74,79,0,1.28,MN,1699519496
470,vila franca do campo,37.7167,-25.4333,68.88,99,99,9.75,PT,1699519497
471,ma'rib,15.4591,45.3253,78.26,22,5,7.81,YE,1699519497
472,pekan,3.4836,103.3996,80.71,80,95,2.68,MY,1699519497
473,santa rosa,14.3122,121.1114,91.38,78,27,11.03,PH,1699519445
474,plastun,44.7561,136.2939,37.18,97,100,2.84,RU,1699519498
475,senador jose porfirio,-2.5908,-51.9542,72.59,81,1,3.27,BR,1699519498
476,suva,-18.1416,178.4415,76.48,83,75,9.22,FJ,1699519498
477,krasnyy chikoy,50.3643,108.7512,14.67,81,100,8.12,RU,1699519498
478,mogadishu,2.0371,45.3438,84.07,84,75,8.05,SO,1699519413
479,lompoc,34.6391,-120.4579,57.6,74,0,8.05,US,1699519499
480,rumson,40.3721,-73.999,49.98,70,6,15.82,US,1699519499
481,karasburg,-28.0167,18.75,83.77,12,0,7.02,NA,1699519499
482,adapazari,40.7806,30.4033,55.74,86,100,1.83,TR,1699519500
483,touros,-5.1989,-35.4608,79.95,68,4,16.33,BR,1699519500
484,taroa,8.7058,171.2275,80.29,91,100,24.32,MH,1699519500
485,masterton,-40.9597,175.6575,50.88,96,86,2.84,NZ,1699519501
486,quartu sant'elena,39.2419,9.1839,63.0,69,40,2.3,IT,1699519501
487,gurun,5.8172,100.4738,83.98,88,96,5.3,MY,1699519304
488,caernarfon,53.1413,-4.2702,48.0,29,75,16.11,GB,1699519503
489,mount pearl,47.5166,-52.7813,43.45,99,100,8.05,CA,1699519424
490,buctzotz,21.2,-88.7833,67.17,97,73,3.42,MX,1699519504
491,malvan,16.0667,73.4667,84.43,67,100,8.28,IN,1699519505
492,midelt,32.6852,-4.7451,59.23,25,64,7.43,MA,1699519505
493,taman',45.2117,36.7161,54.43,75,100,20.04,RU,1699519506
494,lata,40.1629,-8.3327,52.92,84,97,2.39,PT,1699519507
495,caribou,46.8606,-68.012,27.03,73,0,17.27,US,1699519507
496,fisterra,42.9049,-9.2629,60.03,70,100,13.58,ES,1699519508
497,brasileia,-11.0161,-68.7481,71.01,100,100,2.26,BR,1699519510
498,adrar,20.5022,-10.0711,71.19,25,0,9.24,MR,1699519510
499,fray luis beltran,-39.3167,-65.7667,57.33,29,0,9.78,AR,1699519510
500,birsk,55.4211,55.5428,42.93,86,99,4.52,RU,1699519511
501,zalingei,12.9096,23.4741,88.9,19,82,2.33,SD,1699519511
502,bubaque,11.2833,-15.8333,81.9,55,80,11.88,GW,1699519511
503,taro,-8.3862,115.28,78.85,76,100,2.86,ID,1699519512
504,barah,13.7,30.3667,92.97,21,27,11.39,SD,1699519512
505,antonio enes,-16.2325,39.9086,90.03,54,65,12.68,MZ,1699519513
506,birzebbuga,35.8258,14.5269,70.48,68,40,10.36,MT,1699519513
507,sal rei,16.1833,-22.9167,75.4,60,40,13.8,CV,1699519513
508,ostersund,63.1792,14.6357,33.62,100,20,8.05,SE,1699519514
509,america dourada,-11.4553,-41.4361,68.04,84,45,10.56,BR,1699519514
510,chernyshevskiy,63.0128,112.4714,-2.38,94,50,4.92,RU,1699519515
511,paulo afonso,-9.4061,-38.2147,73.44,83,80,10.85,BR,1699519515
512,koksan,38.7819,126.6664,47.17,96,100,4.23,KP,1699519516
513,tarboro,35.8968,-77.5358,56.1,100,0,3.44,US,1699519516
514,fort mcmurray,56.7268,-111.381,27.99,93,75,5.75,CA,1699519505
515,gaiman,-43.2897,-65.4929,52.05,40,13,10.31,AR,1699519517
516,nacala,-14.5428,40.6728,87.12,66,20,16.11,MZ,1699519517
517,edd,13.9297,41.6925,92.66,39,50,15.19,ER,1699519517
518,shumikha,55.2261,63.2961,37.27,96,100,10.71,RU,1699519518
519,lahad datu,5.0268,118.327,81.7,84,98,2.28,MY,1699519518
520,pauini,-7.7136,-66.9764,72.77,87,88,0.72,BR,1699519519
521,kyren,51.6828,102.1408,11.95,61,1,1.01,RU,1699519519
522,kamloops,50.6665,-120.3192,31.57,91,20,6.91,CA,1699519519
523,zaragoza,41.6561,-0.8773,53.02,82,75,11.5,ES,1699519336
524,severo-yeniseyskiy,60.3725,93.0408,12.58,77,2,4.0,RU,1699519520
525,uusikaupunki,60.8004,21.4084,38.86,84,83,4.97,FI,1699519521
526,itapirapua,-15.8233,-50.6133,74.61,66,2,3.09,BR,1699519521
527,qaisumah,28.3112,46.1273,82.36,23,0,4.61,SA,1699519521
528,jayapura,-2.5333,140.7,81.79,88,100,10.29,ID,1699519522
529,patterson,37.4716,-121.1297,53.06,42,0,1.68,US,1699519522
530,beledweyne,4.7358,45.2036,90.81,37,10,11.5,SO,1699519523
531,belyy yar,53.6039,91.3903,21.09,58,0,0.0,RU,1699519523
532,protaras,35.0125,34.0583,78.71,77,43,1.7,CY,1699519523
533,salalah,17.0151,54.0924,93.29,21,0,11.5,OM,1699519524
534,puerto aysen,-45.4,-72.7,40.93,99,98,3.15,CL,1699519524
535,kaffrine,14.1059,-15.5508,78.37,24,100,8.32,SN,1699519524
536,acquaviva delle fonti,40.8978,16.8425,59.88,76,0,2.3,IT,1699519525
537,el granada,37.5027,-122.4694,56.32,60,0,5.75,US,1699519489
538,dunedin,-45.8742,170.5036,46.65,73,76,6.15,NZ,1699519525
539,zinder,13.8072,8.9881,91.09,10,35,12.57,NE,1699519526
540,bratsk,56.1325,101.6142,10.89,83,78,4.61,RU,1699519526
541,afif,23.9065,42.9172,79.57,22,0,8.14,SA,1699519527
542,conceicao do araguaia,-8.2578,-49.2647,74.39,80,3,2.15,BR,1699519527
543,khandyga,62.6667,135.6,-25.06,100,24,1.95,RU,1699519527
544,portsmouth,50.799,-1.0913,48.25,93,94,5.01,GB,1699519528
545,kyzyl,51.7,94.45,12.02,84,29,1.01,RU,1699519528
546,uliastay,47.7417,96.8444,19.78,94,100,1.86,MN,1699519528
547,kirensk,57.7853,108.1119,15.96,73,99,5.01,RU,1699519529
548,kolonia,50.9333,6.95,51.42,87,100,10.36,DE,1699519484
549,brookings,44.3114,-96.7984,37.09,70,0,11.5,US,1699519265
550,ak-dovurak,51.1833,90.6,21.11,87,100,3.0,RU,1699519529
551,guatire,10.4762,-66.5427,72.59,95,20,3.47,VE,1699519530
552,nallihan,40.1859,31.3518,63.09,63,39,7.72,TR,1699519530
553,rundu,-17.9333,19.7667,92.68,30,33,4.74,NA,1699519531
554,horta,38.5333,-28.6333,67.64,97,75,15.99,PT,1699519531
555,parauapebas,-6.0675,-49.9022,72.9,92,76,1.07,BR,1699519531
556,antsohihy,-14.8796,47.9875,97.72,36,89,2.71,MG,1699519532
557,lianzhou,24.7811,112.3825,77.95,85,91,2.91,CN,1699519532
558,leava,-14.3,-178.1667,81.77,87,97,16.22,WF,1699519533
559,bardai,11.65,7.2333,84.38,18,100,9.93,NG,1699519533
560,recife,-8.0539,-34.8811,80.64,74,40,12.66,BR,1699519256
561,chita,52.0333,113.55,15.69,57,40,6.71,RU,1699519534
562,boende,-0.2167,20.8667,74.5,95,100,2.73,CD,1699519534
563,pundong,-7.9522,110.3486,83.68,66,99,10.6,ID,1699519535
564,fort bragg,35.139,-79.006,60.82,88,0,5.75,US,1699519535
565,sarangani,5.4033,125.4636,83.88,78,10,17.25,PH,1699519536
566,dongobesh,-4.0667,35.3833,74.71,39,17,9.1,TZ,1699519536
567,esquel,-42.9,-71.3167,35.58,89,93,4.36,AR,1699519536
568,barranca,-10.75,-77.7667,64.24,85,100,6.53,PE,1699519537
569,jindabyne,-36.4167,148.6333,57.11,83,92,3.2,AU,1699519537
570,kegen,43.0197,79.2203,39.9,85,99,8.03,KZ,1699519538
571,cill airne,52.05,-9.5167,46.04,86,100,23.78,IE,1699519538
572,qorovulbozor,39.5006,64.7936,58.71,35,50,10.36,UZ,1699519538
573,mokopane,-24.1944,29.0097,82.27,30,0,6.4,ZA,1699519427
574,dzhetygara,52.1908,61.2006,43.16,71,100,14.14,KZ,1699519285
575,esperanza,19.5847,-70.9849,73.98,92,22,1.99,DO,1699519539
576,sokoni,-6.4333,39.55,80.46,79,97,7.67,TZ,1699519540
577,emerald,-23.5333,148.1667,82.35,37,16,7.14,AU,1699519305
578,heroica matamoros,25.8833,-97.5,76.91,94,75,10.36,MX,1699519540
579,assab,13.0092,42.7394,86.34,57,2,21.9,ER,1699519541
580,kharkhorin,47.1975,102.8238,4.77,84,0,1.39,MN,1699519541
581,xinpu,34.5997,119.1594,55.6,60,100,20.09,CN,1699519542
582,el porvenir,13.7617,-87.3458,72.73,93,100,5.61,HN,1699519542
583,howard springs,-12.497,131.047,88.83,61,96,7.83,AU,1699519542
584,kaiapoi,-43.3783,172.6401,52.07,72,75,12.66,NZ,1699519543
585,galesong,-5.3166,119.3661,91.42,64,75,14.12,ID,1699519543
586,xinyuan,37.3,99.0,35.53,20,18,16.17,CN,1699519543
587,nantucket,41.2835,-70.0995,41.14,74,100,0.0,US,1699519307
588,saint john,45.2727,-66.0677,31.23,69,75,18.41,CA,1699519501
589,santo antonio do monte,-20.0872,-45.2936,63.52,63,0,2.98,BR,1699519544
590,alofi,-19.0595,-169.9187,78.69,89,96,5.75,NU,1699519544
591,mar del plata,-38.0023,-57.5575,48.87,83,0,4.61,AR,1699519359
592,isangel,-19.55,169.2667,72.25,77,86,16.53,VU,1699519545
593,newman,37.3138,-121.0208,48.29,42,0,2.08,US,1699519545
594,east london,-33.0153,27.9116,70.74,60,0,11.5,ZA,1699519545
595,labasa,-16.4167,179.3833,77.52,85,100,7.23,FJ,1699519546
596,tchollire,8.4022,14.1698,90.59,28,98,2.35,CM,1699519546
597,salinas,36.6777,-121.6555,50.52,76,0,0.0,US,1699519305
598,meru,0.0463,37.6559,72.09,69,87,5.08,KE,1699519547
599,wesselsbron,-27.8549,26.3658,80.67,17,0,9.98,ZA,1699519547
600,yanam,16.7333,82.2167,86.07,57,7,7.94,IN,1699519547
